url_path,views_total,views_unique
/EarthSciML/UrbanCanopy.jl,11,4
/EarthSciML/UrbanCanopy.jl/tree/main,4,2
/EarthSciML/UrbanCanopy.jl/tree/main/src,3,2
/EarthSciML/UrbanCanopy.jl/blob/9200edd4f15609f20339d3a7d104de8064544310/src/roof_wall_road_snow_temperatures.jl,2,2
/EarthSciML/UrbanCanopy.jl/blob/main/README.md,2,2
/EarthSciML/UrbanCanopy.jl/blob/main/ext/EarthSciDataExt.jl,2,2
/EarthSciML/UrbanCanopy.jl/blob/main/test/urban_canopy_model_test.jl,2,2
/EarthSciML/UrbanCanopy.jl/tree/main/ext,2,2
/EarthSciML/UrbanCanopy.jl/commits/main,2,1
/EarthSciML/UrbanCanopy.jl/blob/9200edd4f15609f20339d3a7d104de8064544310/src/clmu_introduction.jl,1,1
